name,mean,std,min,max,confidence.95
data_loading,0.00038563121448859095,0.00018154342285501665,0.0003011226654052,0.0013601779937744,"[0.0003202606330682824, 0.00045100179590889947]"
metrics_calculation,5.226424246123343e-05,2.7883069278695677e-06,4.887580871582031e-05,5.817413330078125e-05,"[5.126022236407643e-05, 5.3268262558390427e-05]"
metrics_persisting,0.005651228355638857,0.0013579062083443315,0.0044560432434082,0.0123078823089599,"[0.005162270303853052, 0.006140186407424662]"
